# T_act, T_step, T_expr_rply, T_updt_ntwrk, T_log, T_total
5.591172814369201660e+01,1.015994286537170410e+01,1.240264402151107788e+03,2.225133483409881592e+02,9.879231452941894531e-02,1.532890797138214111e+03
