# T_act, T_step, T_expr_rply, T_updt_ntwrk, T_log, T_total
5.104479956626892090e+01,9.752840995788574219e+00,1.242111954689025879e+03,2.137561862468719482e+02,9.602665901184082031e-02,1.520705812215805054e+03
