# T_act, T_step, T_expr_rply, T_updt_ntwrk, T_log, T_total
6.049943685531616211e+01,9.771973371505737305e+00,1.221413004398345947e+03,2.290610318183898926e+02,9.684610366821289062e-02,1.524817253589630127e+03
