# T_act, T_step, T_expr_rply, T_updt_ntwrk, T_log, T_total
5.241312718391418457e+01,9.725031614303588867e+00,1.085083224773406982e+03,2.295875558853149414e+02,9.173226356506347656e-02,1.380472063779830933e+03
