# T_act, T_step, T_expr_rply, T_updt_ntwrk, T_log, T_total
5.776192784309387207e+01,9.910704851150512695e+00,1.224425170183181763e+03,2.247387320995330811e+02,9.792280197143554688e-02,1.520885475635528564e+03
