# T_bld_fnc, T_act, T_step, T_expr_rply, T_updt_ntwrk, T_log,T_extra, T_total
1.18935036659241,844.636902093887,14.5053799152374,3089.46710467339,138.254401445389,0.0285964012146,23.7098248004913,4111.7915596962
,,,,,,,
,,,,,,,
# T_bld_fnc, T_act, T_step, T_expr_rply, T_updt_ntwrk, T_log,T_extra, T_total
0,51.0447995662689,9.75284099578857,1242.11195468903,213.756186246872,0.096026659011841,3.94400405883789,1520.70581221581
