# T_act, T_step, T_expr_rply, T_updt_ntwrk, T_log, T_total
5.114417862892150879e+01,9.375184297561645508e+00,1.156049364805221558e+03,2.281516366004943848e+02,9.085059165954589844e-02,1.448494289636611938e+03
