# T_act, T_step, T_expr_rply, T_updt_ntwrk, T_log, T_total
8.384436964988708496e+01,7.922074241089820862e+04,5.824044024944305420e+02,0.000000000000000000e+00,1.456921100616455078e-01,7.988919088125228882e+04
