# T_act, T_step, T_expr_rply, T_updt_ntwrk, T_log
1.000000000000000000e+00,2.000000000000000000e+00,3.000000000000000000e+00,4.000000000000000000e+00,5.000000000000000000e+00
